"sampleName","yrharv","gene","Barcode","logid","logmicrobid","logLoc","rep_code","plot","symbol","logtrt","yrdeploy","pullDate","bag"
"A1b",2012,"16S","Charlie98",2,3,"b","z",1,"1-1-K","A",2009,"6/6/2012",NA
"A1t",2012,"16S","Charlie97",2,1,"t","z",1,"1-1-K","A",2009,"6/6/2012",NA
"A2b",2012,"16S","Golf290",98,111,"b","z",2,"4-B","A",2009,"6/8/2012",NA
"A2t",2012,"16S","Golf289",98,109,"t","z",2,"4-B","A",2009,"6/8/2012",NA
"A3b",2012,"16S","Delta146",194,222,"b","z",3,"4-E","A",2009,"6/19/2012",NA
"A3t",2012,"16S","Delta145",194,220,"t","z",3,"4-E","A",2009,"6/19/2012",NA
"A4b",2012,"16S","Hotel338",290,332,"b","z",4,"1-1-A","A",2009,"6/20/2012",NA
"A4t",2012,"16S","Hotel337",290,330,"t","z",4,"1-1-A","A",2009,"6/20/2012",NA
"A5b",2012,"16S","Alpha2",386,443,"b","z",5,"1-1-C","A",2009,"6/18/2012",NA
"A5t",2012,"16S","Alpha1",386,441,"t","z",5,"1-1-C","A",2009,"6/18/2012",NA
"A6b",2012,"16S","Echo194",482,552,"b","z",6,"4-F","A",2009,"6/14/2012",NA
"A6t",2012,"16S","Echo193",482,550,"t","z",6,"4-F","A",2009,"6/14/2012",NA
"A7b",2012,"16S","Bravo50",578,664,"b","z",7,"3-F","A",2009,"6/12/2012",NA
"A7t",2012,"16S","Bravo49",578,662,"t","z",7,"3-F","A",2009,"6/12/2012",NA
"A8b",2012,"16S","Foxtrot242",674,772,"b","z",8,"4-C","A",2009,"6/11/2012",NA
"A8t",2012,"16S","Foxtrot241",674,770,"t","z",8,"4-C","A",2009,"6/11/2012",NA
"B1b",2012,"16S","Charlie100",5,7,"b","z",1,"4-C","B",2009,"6/6/2012",NA
"B1t",2012,"16S","Charlie99",5,5,"t","z",1,"4-C","B",2009,"6/6/2012",NA
"B2b",2012,"16S","Golf292",101,115,"b","z",2,"4-K","B",2009,"6/8/2012",NA
"B2t",2012,"16S","Golf291",101,113,"t","z",2,"4-K","B",2009,"6/8/2012",NA
"B3b",2012,"16S","Delta148",197,226,"b","z",3,"3-X","B",2009,"6/19/2012",NA
"B3t",2012,"16S","Delta147",197,224,"t","z",3,"3-X","B",2009,"6/19/2012",NA
"B4b",2012,"16S","Hotel340",293,336,"b","z",4,"4-F","B",2009,"6/20/2012",NA
"B4t",2012,"16S","Hotel339",293,334,"t","z",4,"4-F","B",2009,"6/20/2012",NA
"B5b",2012,"16S","Alpha4",389,447,"b","z",5,"3-G","B",2009,"6/18/2012",NA
"B5t",2012,"16S","Alpha3",389,445,"t","z",5,"3-G","B",2009,"6/18/2012",NA
"B6b",2012,"16S","Echo196",485,556,"b","z",6,"1-I","B",2009,"6/14/2012",NA
"B6t",2012,"16S","Echo195",485,554,"t","z",6,"1-I","B",2009,"6/14/2012",NA
"B7b",2012,"16S","Bravo52",581,668,"b","z",7,"4-E","B",2009,"6/12/2012",NA
"B7t",2012,"16S","Bravo51",581,666,"t","z",7,"4-E","B",2009,"6/12/2012",NA
"B8b",2012,"16S","Foxtrot244",677,776,"b","z",8,"3-C","B",2009,"6/11/2012",NA
"B8t",2012,"16S","Foxtrot243",677,774,"t","z",8,"3-C","B",2009,"6/11/2012",NA
"C1b",2012,"16S","Charlie102",8,10,"b","z",1,"3-I","C",2009,"6/5/2012",NA
"C1t",2012,"16S","Charlie101",8,9,"t","z",1,"3-I","C",2009,"6/5/2012",NA
"C2b",2012,"16S","Golf294",104,119,"b","z",2,"3-B","C",2009,"6/7/2012",NA
"C2t",2012,"16S","Golf293",104,117,"t","z",2,"3-B","C",2009,"6/7/2012",NA
"C3b",2012,"16S","Delta150",200,230,"b","z",3,"3-E","C",2009,"6/19/2012",NA
"C3t",2012,"16S","Delta149",200,228,"t","z",3,"3-E","C",2009,"6/19/2012",NA
"C4b",2012,"16S","Hotel342",296,340,"b","z",4,"2-I","C",2009,"6/20/2012",NA
"C4t",2012,"16S","Hotel341",296,338,"t","z",4,"2-I","C",2009,"6/20/2012",NA
"C5b",2012,"16S","Alpha6",392,451,"b","z",5,"1-F","C",2009,"6/18/2012",NA
"C5t",2012,"16S","Alpha5",392,449,"t","z",5,"1-F","C",2009,"6/18/2012",NA
"C6b",2012,"16S","Echo198",488,560,"b","z",6,"1-H","C",2009,"6/14/2012",NA
"C6t",2012,"16S","Echo197",488,558,"t","z",6,"1-H","C",2009,"6/14/2012",NA
"C7b",2012,"16S","Bravo54",584,671,"b","z",7,"2-F","C",2009,"6/12/2012",NA
"C7t",2012,"16S","Bravo53",584,670,"t","z",7,"2-F","C",2009,"6/12/2012",NA
"C8b",2012,"16S","Foxtrot246",680,779,"b","z",8,"1-K","C",2009,"6/11/2012",NA
"C8t",2012,"16S","Foxtrot245",680,778,"t","z",8,"1-K","C",2009,"6/11/2012",NA
"D1b",2012,"16S","Charlie104",11,14,"b","z",1,"4-D","D",2009,"6/5/2012",NA
"D1t",2012,"16S","Charlie103",11,12,"t","z",1,"4-D","D",2009,"6/5/2012",NA
"D2b",2012,"16S","Golf296",107,123,"b","z",2,"2-F","D",2009,"6/8/2012",NA
"D2t",2012,"16S","Golf295",107,121,"t","z",2,"2-F","D",2009,"6/8/2012",NA
"D3b",2012,"16S","Delta152",203,234,"b","z",3,"1-A","D",2009,"6/19/2012",NA
"D3t",2012,"16S","Delta151",203,232,"t","z",3,"1-A","D",2009,"6/19/2012",NA
"D4b",2012,"16S","Hotel344",299,344,"b","z",4,"1-E","D",2009,"6/20/2012",NA
"D4t",2012,"16S","Hotel343",299,342,"t","z",4,"1-E","D",2009,"6/20/2012",NA
"D5b",2012,"16S","Alpha8",395,455,"b","z",5,"4-A","D",2009,"6/15/2012",NA
"D5t",2012,"16S","Alpha7",395,453,"t","z",5,"4-A","D",2009,"6/15/2012",NA
"D6b",2012,"16S","Echo200",491,564,"b","z",6,"2-C","D",2009,"6/15/2012",NA
"D6t",2012,"16S","Echo199",491,562,"t","z",6,"2-C","D",2009,"6/15/2012",NA
"D7b",2012,"16S","Bravo56",587,675,"b","z",7,"4-B","D",2009,"6/12/2012",NA
"D7t",2012,"16S","Bravo55",587,673,"t","z",7,"4-B","D",2009,"6/12/2012",NA
"D8b",2012,"16S","Foxtrot248",683,783,"b","z",8,"1-H","D",2009,"6/12/2012",NA
"D8t",2012,"16S","Foxtrot247",683,781,"t","z",8,"1-H","D",2009,"6/12/2012",NA
"E1b",2012,"16S","Charlie106",14,18,"b","z",1,"1-F","E",2009,"6/6/2012",NA
"E1t",2012,"16S","Charlie105",14,16,"t","z",1,"1-F","E",2009,"6/6/2012",NA
"E2b",2012,"16S","Golf298",110,127,"b","z",2,"2-G","E",2009,"6/7/2012",NA
"E2t",2012,"16S","Golf297",110,125,"t","z",2,"2-G","E",2009,"6/7/2012",NA
"E3b",2012,"16S","Delta154",206,238,"b","z",3,"3-D","E",2009,"6/19/2012",NA
"E3t",2012,"16S","Delta153",206,236,"t","z",3,"3-D","E",2009,"6/19/2012",NA
"E4b",2012,"16S","Hotel346",302,348,"b","z",4,"3-G","E",2009,"6/20/2012",NA
"E4t",2012,"16S","Hotel345",302,346,"t","z",4,"3-G","E",2009,"6/20/2012",NA
"E5b",2012,"16S","Alpha10",398,459,"b","z",5,"2-H","E",2009,"6/18/2012",NA
"E5t",2012,"16S","Alpha9",398,457,"t","z",5,"2-H","E",2009,"6/18/2012",NA
"E6b",2012,"16S","Echo202",494,568,"b","z",6,"1-E","E",2009,"6/14/2012",NA
"E6t",2012,"16S","Echo201",494,566,"t","z",6,"1-E","E",2009,"6/14/2012",NA
"E7b",2012,"16S","Bravo58",590,679,"b","z",7,"3-H","E",2009,"6/12/2012",NA
"E7t",2012,"16S","Bravo57",590,677,"t","z",7,"3-H","E",2009,"6/12/2012",NA
"E8b",2012,"16S","Foxtrot250",686,787,"b","z",8,"3-J","E",2009,"6/12/2012",NA
"E8t",2012,"16S","Foxtrot249",686,785,"t","z",8,"3-J","E",2009,"6/12/2012",NA
"F1b",2012,"16S","Charlie108",17,22,"b","z",1,"3-J","F",2009,"6/5/2012",NA
"F1t",2012,"16S","Charlie107",17,20,"t","z",1,"3-J","F",2009,"6/5/2012",NA
"F2b",2012,"16S","Golf300",113,131,"b","z",2,"2-F","F",2009,"6/8/2012",NA
"F2t",2012,"16S","Golf299",113,129,"t","z",2,"2-F","F",2009,"6/8/2012",NA
"F3b",2012,"16S","Delta156",209,242,"b","z",3,"1-D","F",2009,"6/19/2012",NA
"F3t",2012,"16S","Delta155",209,240,"t","z",3,"1-D","F",2009,"6/19/2012",NA
"F4b",2012,"16S","Hotel348",305,352,"b","z",4,"1-G","F",2009,"6/20/2012",NA
"F4t",2012,"16S","Hotel347",305,350,"t","z",4,"1-G","F",2009,"6/20/2012",NA
"F5b",2012,"16S","Alpha12",401,463,"b","z",5,"1-C","F",2009,"6/18/2012",NA
"F5t",2012,"16S","Alpha11",401,461,"t","z",5,"1-C","F",2009,"6/18/2012",NA
"F6b",2012,"16S","Echo204",497,572,"b","z",6,"1-L","F",2009,"6/14/2012",NA
"F6t",2012,"16S","Echo203",497,570,"t","z",6,"1-L","F",2009,"6/14/2012",NA
"F7b",2012,"16S","Bravo60",593,682,"b","z",7,"1-B","F",2009,"6/13/2012",NA
"F7t",2012,"16S","Bravo59",593,681,"t","z",7,"1-B","F",2009,"6/13/2012",NA
"F8b",2012,"16S","Foxtrot252",689,791,"b","z",8,"2-Y","F",2009,"6/11/2012",NA
"F8t",2012,"16S","Foxtrot251",689,789,"t","z",8,"2-Y","F",2009,"6/11/2012",NA
"G1b",2012,"16S","Charlie110",19,27,"b","z",1,"2-O","G",2011,"6/6/2012",NA
"G1t",2012,"16S","Charlie109",19,24,"t","z",1,"2-O","G",2011,"6/6/2012",NA
"G2b",2012,"16S","Golf302",115,136,"b","z",2,"3-B","G",2011,"6/7/2012",NA
"G2t",2012,"16S","Golf301",115,133,"t","z",2,"3-B","G",2011,"6/7/2012",NA
"G3b",2012,"16S","Delta158",211,247,"b","z",3,"3-C","G",2011,"6/20/2012",NA
"G3t",2012,"16S","Delta157",211,244,"t","z",3,"3-C","G",2011,"6/20/2012",NA
"G4b",2012,"16S","Hotel350",307,357,"b","z",4,"5-B","G",2011,"6/21/2012",NA
"G4t",2012,"16S","Hotel349",307,354,"t","z",4,"5-B","G",2011,"6/21/2012",NA
"G5b",2012,"16S","Alpha14",403,467,"b","z",5,"5-E","G",2011,"6/15/2012",NA
"G5t",2012,"16S","Alpha13",403,465,"t","z",5,"5-E","G",2011,"6/15/2012",NA
"G6b",2012,"16S","Echo206",499,577,"b","z",6,"5-J","G",2011,"6/14/2012",NA
"G6t",2012,"16S","Echo205",499,574,"t","z",6,"5-J","G",2011,"6/14/2012",NA
"G7b",2012,"16S","Bravo62",595,687,"b","z",7,"2-J","G",2011,"6/12/2012",NA
"G7t",2012,"16S","Bravo61",595,684,"t","z",7,"2-J","G",2011,"6/12/2012",NA
"G8b",2012,"16S","Foxtrot254",691,796,"b","z",8,"2-P","G",2011,"6/12/2012",NA
"G8t",2012,"16S","Foxtrot253",691,793,"t","z",8,"2-P","G",2011,"6/12/2012",NA
"H1b",2012,"16S","Charlie112",23,32,"b","z",1,"1-I","H",2009,"6/6/2012",NA
"H1t",2012,"16S","Charlie111",23,30,"t","z",1,"1-I","H",2009,"6/6/2012",NA
"H2b",2012,"16S","Golf304",119,141,"b","z",2,"2-D","H",2009,"6/8/2012",NA
"H2t",2012,"16S","Golf303",119,139,"t","z",2,"2-D","H",2009,"6/8/2012",NA
"H3b",2012,"16S","Delta160",215,252,"b","z",3,"4-D","H",2009,"6/19/2012",NA
"H3t",2012,"16S","Delta159",215,250,"t","z",3,"4-D","H",2009,"6/19/2012",NA
"H4b",2012,"16S","Hotel352",311,362,"b","z",4,"1-H","H",2009,"6/21/2012",NA
"H4t",2012,"16S","Hotel351",311,360,"t","z",4,"1-H","H",2009,"6/21/2012",NA
"H5b",2012,"16S","Alpha16",407,472,"b","z",5,"4-F","H",2009,"6/18/2012",NA
"H5t",2012,"16S","Alpha15",407,470,"t","z",5,"4-F","H",2009,"6/18/2012",NA
"H6b",2012,"16S","Echo208",503,582,"b","z",6,"1-A","H",2009,"6/15/2012",NA
"H6t",2012,"16S","Echo207",503,580,"t","z",6,"1-A","H",2009,"6/15/2012",NA
"H7b",2012,"16S","Bravo64",599,692,"b","z",7,"2-F","H",2009,"6/13/2012",NA
"H7t",2012,"16S","Bravo63",599,690,"t","z",7,"2-F","H",2009,"6/13/2012",NA
"H8b",2012,"16S","Foxtrot256",695,801,"b","z",8,"4-H","H",2009,"6/12/2012",NA
"H8t",2012,"16S","Foxtrot255",695,799,"t","z",8,"4-H","H",2009,"6/12/2012",NA
"I1b",2012,"16S","Charlie114",26,35,"b","z",1,"3-L","I",2009,"6/5/2012",NA
"I1t",2012,"16S","Charlie113",26,34,"t","z",1,"3-L","I",2009,"6/5/2012",NA
"I2b",2012,"16S","Golf306",122,145,"b","z",2,"1-C","I",2009,"6/7/2012",NA
"I2t",2012,"16S","Golf305",122,143,"t","z",2,"1-C","I",2009,"6/7/2012",NA
"I3b",2012,"16S","Delta162",218,255,"b","z",3,"3-J","I",2009,"6/19/2012",NA
"I3t",2012,"16S","Delta161",218,254,"t","z",3,"3-J","I",2009,"6/19/2012",NA
"I4b",2012,"16S","Hotel354",314,366,"b","z",4,"3-B","I",2009,"6/21/2012",NA
"I4t",2012,"16S","Hotel353",314,364,"t","z",4,"3-B","I",2009,"6/21/2012",NA
"I5b",2012,"16S","Alpha18",410,476,"b","z",5,"3-M","I",2009,"6/18/2012",NA
"I5t",2012,"16S","Alpha17",410,474,"t","z",5,"3-M","I",2009,"6/18/2012",NA
"I6b",2012,"16S","Echo210",506,586,"b","z",6,"3-H","I",2009,"6/15/2012",NA
"I6t",2012,"16S","Echo209",506,584,"t","z",6,"3-H","I",2009,"6/15/2012",NA
"I7b",2012,"16S","Bravo66",602,696,"b","z",7,"3-I","I",2009,"6/12/2012",NA
"I7t",2012,"16S","Bravo65",602,694,"t","z",7,"3-I","I",2009,"6/12/2012",NA
"I8b",2012,"16S","Foxtrot258",698,805,"b","z",8,"1-B","I",2009,"6/11/2012",NA
"I8t",2012,"16S","Foxtrot257",698,803,"t","z",8,"1-B","I",2009,"6/11/2012",NA
"J1b",2012,"16S","Charlie116",28,40,"b","z",1,"2-M","J",2011,"6/6/2012",NA
"J1t",2012,"16S","Charlie115",28,37,"t","z",1,"2-M","J",2011,"6/6/2012",NA
"J2b",2012,"16S","Golf308",124,150,"b","z",2,"1-I","J",2011,"6/8/2012",NA
"J2t",2012,"16S","Golf307",124,147,"t","z",2,"1-I","J",2011,"6/8/2012",NA
"J3b",2012,"16S","Delta164",220,260,"b","z",3,"2-H","J",2011,"6/20/2012",NA
"J3t",2012,"16S","Delta163",220,257,"t","z",3,"2-H","J",2011,"6/20/2012",NA
"J4b",2012,"16S","Hotel356",316,371,"b","z",4,"3-K","J",2011,"6/21/2012",NA
"J4t",2012,"16S","Hotel355",316,368,"t","z",4,"3-K","J",2011,"6/21/2012",NA
"J5b",2012,"16S","Alpha20",412,481,"b","z",5,"3-A","J",2011,"6/18/2012",NA
"J5t",2012,"16S","Alpha19",412,478,"t","z",5,"3-A","J",2011,"6/18/2012",NA
"J6b",2012,"16S","Echo212",508,591,"b","z",6,"3-F","J",2011,"6/15/2012",NA
"J6t",2012,"16S","Echo211",508,588,"t","z",6,"3-F","J",2011,"6/15/2012",NA
"J7b",2012,"16S","Bravo68",604,701,"b","z",7,"2-G","J",2011,"6/13/2012",NA
"J7t",2012,"16S","Bravo67",604,698,"t","z",7,"2-G","J",2011,"6/13/2012",NA
"J8b",2012,"16S","Foxtrot260",700,810,"b","z",8,"1-S","J",2011,"6/11/2012",NA
"J8t",2012,"16S","Foxtrot259",700,807,"t","z",8,"1-S","J",2011,"6/11/2012",NA
"K1b",2012,"16S","Charlie118",32,45,"b","z",1,"4-B","K",2009,"6/7/2012",NA
"K1t",2012,"16S","Charlie117",32,43,"t","z",1,"4-B","K",2009,"6/7/2012",NA
"K2b",2012,"16S","Golf310",128,155,"b","z",2,"4-H","K",2009,"6/8/2012",NA
"K2t",2012,"16S","Golf309",128,153,"t","z",2,"4-H","K",2009,"6/8/2012",NA
"K3b",2012,"16S","Delta166",224,264,"b","z",3,"3-F","K",2009,"6/19/2012",NA
"K3t",2012,"16S","Delta165",224,263,"t","z",3,"3-F","K",2009,"6/19/2012",NA
"K4b",2012,"16S","Hotel358",320,376,"b","z",4,"1-X","K",2009,"6/21/2012",NA
"K4t",2012,"16S","Hotel357",320,374,"t","z",4,"1-X","K",2009,"6/21/2012",NA
"K5b",2012,"16S","Alpha22",416,486,"b","z",5,"4-E","K",2009,"6/18/2012",NA
"K5t",2012,"16S","Alpha21",416,484,"t","z",5,"4-E","K",2009,"6/18/2012",NA
"K6b",2012,"16S","Echo214",512,596,"b","z",6,"2-L","K",2009,"6/14/2012",NA
"K6t",2012,"16S","Echo213",512,594,"t","z",6,"2-L","K",2009,"6/14/2012",NA
"K7b",2012,"16S","Bravo70",608,705,"b","z",7,"2-C","K",2009,"6/12/2012",NA
"K7t",2012,"16S","Bravo69",608,704,"t","z",7,"2-C","K",2009,"6/12/2012",NA
"K8b",2012,"16S","Foxtrot262",704,815,"b","z",8,"3-A","K",2009,"6/11/2012",NA
"K8t",2012,"16S","Foxtrot261",704,813,"t","z",8,"3-A","K",2009,"6/11/2012",NA
"L1b",2012,"16S","Charlie120",34,50,"b","z",1,"1-H","L",2011,"6/6/2012",NA
"L1t",2012,"16S","Charlie119",34,47,"t","z",1,"1-H","L",2011,"6/6/2012",NA
"L2b",2012,"16S","Golf312",130,160,"b","z",2,"3-D","L",2011,"6/7/2012",NA
"L2t",2012,"16S","Golf311",130,157,"t","z",2,"3-D","L",2011,"6/7/2012",NA
"L3b",2012,"16S","Delta168",226,269,"b","z",3,"2-C","L",2011,"6/20/2012",NA
"L3t",2012,"16S","Delta167",226,266,"t","z",3,"2-C","L",2011,"6/20/2012",NA
"L4b",2012,"16S","Hotel360",322,381,"b","z",4,"2-B","L",2011,"6/21/2012",NA
"L4t",2012,"16S","Hotel359",322,378,"t","z",4,"2-B","L",2011,"6/21/2012",NA
"L5b",2012,"16S","Alpha24",418,491,"b","z",5,"2-M","L",2011,"6/15/2012",NA
"L5t",2012,"16S","Alpha23",418,488,"t","z",5,"2-M","L",2011,"6/15/2012",NA
"L6b",2012,"16S","Echo216",514,601,"b","z",6,"2-F","L",2011,"6/14/2012",NA
"L6t",2012,"16S","Echo215",514,598,"t","z",6,"2-F","L",2011,"6/14/2012",NA
"L7b",2012,"16S","Bravo72",610,710,"b","z",7,"1-D","L",2011,"6/13/2012",NA
"L7t",2012,"16S","Bravo71",610,707,"t","z",7,"1-D","L",2011,"6/13/2012",NA
"L8b",2012,"16S","Foxtrot264",706,820,"b","z",8,"1-M","L",2011,"6/11/2012",NA
"L8t",2012,"16S","Foxtrot263",706,817,"t","z",8,"1-M","L",2011,"6/11/2012",NA
"M1b",2012,"16S","Charlie122",38,55,"b","z",1,"4-B","M",2009,"6/6/2012",NA
"M1t",2012,"16S","Charlie121",38,53,"t","z",1,"4-B","M",2009,"6/6/2012",NA
"M2b",2012,"16S","Golf314",134,165,"b","z",2,"2-F","M",2009,"6/7/2012",NA
"M2t",2012,"16S","Golf313",134,163,"t","z",2,"2-F","M",2009,"6/7/2012",NA
"M3b",2012,"16S","Delta170",230,274,"b","z",3,"1-K","M",2009,"6/20/2012",NA
"M3t",2012,"16S","Delta169",230,272,"t","z",3,"1-K","M",2009,"6/20/2012",NA
"M4b",2012,"16S","Hotel362",326,386,"b","z",4,"4-J","M",2009,"6/21/2012",NA
"M4t",2012,"16S","Hotel361",326,384,"t","z",4,"4-J","M",2009,"6/21/2012",NA
"M5b",2012,"16S","Alpha26",422,496,"b","z",5,"4-A","M",2009,"6/18/2012",NA
"M5t",2012,"16S","Alpha25",422,494,"t","z",5,"4-A","M",2009,"6/18/2012",NA
"M6b",2012,"16S","Echo218",518,606,"b","z",6,"1-H","M",2009,"6/14/2012",NA
"M6t",2012,"16S","Echo217",518,604,"t","z",6,"1-H","M",2009,"6/14/2012",NA
"M7b",2012,"16S","Bravo74",614,715,"b","z",7,"4-C","M",2009,"6/13/2012",NA
"M7t",2012,"16S","Bravo73",614,713,"t","z",7,"4-C","M",2009,"6/13/2012",NA
"M8b",2012,"16S","Foxtrot266",710,825,"b","z",8,"1-Y","M",2009,"6/11/2012",NA
"M8t",2012,"16S","Foxtrot265",710,823,"t","z",8,"1-Y","M",2009,"6/11/2012",NA
"N1b",2012,"16S","Charlie124",40,60,"b","z",1,"5-D","N",2011,"6/7/2012",NA
"N1t",2012,"16S","Charlie123",40,57,"t","z",1,"5-D","N",2011,"6/7/2012",NA
"N2b",2012,"16S","Golf316",136,170,"b","z",2,"7-A","N",2011,"6/7/2012",NA
"N2t",2012,"16S","Golf315",136,167,"t","z",2,"7-A","N",2011,"6/7/2012",NA
"N3b",2012,"16S","Delta172",232,279,"b","z",3,"6-C","N",2011,"6/20/2012",NA
"N3t",2012,"16S","Delta171",232,276,"t","z",3,"6-C","N",2011,"6/20/2012",NA
"N4b",2012,"16S","Hotel364",328,391,"b","z",4,"5-A","N",2011,"6/21/2012",NA
"N4t",2012,"16S","Hotel363",328,388,"t","z",4,"5-A","N",2011,"6/21/2012",NA
"N5b",2012,"16S","Alpha28",424,501,"b","z",5,"2-D","N",2011,"6/18/2012",NA
"N5t",2012,"16S","Alpha27",424,498,"t","z",5,"2-D","N",2011,"6/18/2012",NA
"N6b",2012,"16S","Echo220",520,611,"b","z",6,"6-B","N",2011,"6/15/2012",NA
"N6t",2012,"16S","Echo219",520,608,"t","z",6,"6-B","N",2011,"6/15/2012",NA
"N7b",2012,"16S","Bravo76",616,720,"b","z",7,"6-G","N",2011,"6/13/2012",NA
"N7t",2012,"16S","Bravo75",616,717,"t","z",7,"6-G","N",2011,"6/13/2012",NA
"N8b",2012,"16S","Foxtrot268",712,830,"b","z",8,"2-B","N",2011,"6/11/2012",NA
"N8t",2012,"16S","Foxtrot267",712,827,"t","z",8,"2-B","N",2011,"6/11/2012",NA
"O1b",2012,"16S","Charlie126",43,66,"b","z",1,"10-D","O",2011,"6/7/2012",NA
"O1t",2012,"16S","Charlie125",43,63,"t","z",1,"10-D","O",2011,"6/7/2012",NA
"O2b",2012,"16S","Golf318",139,176,"b","z",2,"6-B","O",2011,"6/7/2012",NA
"O2t",2012,"16S","Golf317",139,173,"t","z",2,"6-B","O",2011,"6/7/2012",NA
"O3b",2012,"16S","Delta174",235,285,"b","z",3,"4-A","O",2011,"6/20/2012",NA
"O3t",2012,"16S","Delta173",235,282,"t","z",3,"4-A","O",2011,"6/20/2012",NA
"O4b",2012,"16S","Hotel366",331,397,"b","z",4,"10-A","O",2011,"6/21/2012",NA
"O4t",2012,"16S","Hotel365",331,394,"t","z",4,"10-A","O",2011,"6/21/2012",NA
"O5b",2012,"16S","Alpha30",427,507,"b","z",5,"5-D","O",2011,"6/15/2012",NA
"O5t",2012,"16S","Alpha29",427,504,"t","z",5,"5-D","O",2011,"6/15/2012",NA
"O6b",2012,"16S","Echo222",523,617,"b","z",6,"4-E","O",2011,"6/14/2012",NA
"O6t",2012,"16S","Echo221",523,614,"t","z",6,"4-E","O",2011,"6/14/2012",NA
"O7b",2012,"16S","Bravo78",619,726,"b","z",7,"7-E","O",2011,"6/13/2012",NA
"O7t",2012,"16S","Bravo77",619,723,"t","z",7,"7-E","O",2011,"6/13/2012",NA
"O8b",2012,"16S","Foxtrot270",715,836,"b","z",8,"10-B","O",2011,"6/11/2012",NA
"O8t",2012,"16S","Foxtrot269",715,833,"t","z",8,"10-B","O",2011,"6/11/2012",NA
"P1b",2012,"16S","Charlie128",46,72,"b","z",1,"3-F","P",2011,"6/7/2012",NA
"P1t",2012,"16S","Charlie127",46,69,"t","z",1,"3-F","P",2011,"6/7/2012",NA
"P2b",2012,"16S","Golf320",142,182,"b","z",2,"2-E","P",2011,"6/7/2012",NA
"P2t",2012,"16S","Golf319",142,179,"t","z",2,"2-E","P",2011,"6/7/2012",NA
"P3b",2012,"16S","Delta176",238,291,"b","z",3,"3-E","P",2011,"6/20/2012",NA
"P3t",2012,"16S","Delta175",238,288,"t","z",3,"3-E","P",2011,"6/20/2012",NA
"P4b",2012,"16S","Hotel368",334,403,"b","z",4,"2-F","P",2011,"6/21/2012",NA
"P4t",2012,"16S","Hotel367",334,400,"t","z",4,"2-F","P",2011,"6/21/2012",NA
"P5b",2012,"16S","Alpha32",430,513,"b","z",5,"3-G","P",2011,"6/15/2012",NA
"P5t",2012,"16S","Alpha31",430,510,"t","z",5,"3-G","P",2011,"6/15/2012",NA
"P6b",2012,"16S","Echo224",526,623,"b","z",6,"2-D","P",2011,"6/14/2012",NA
"P6t",2012,"16S","Echo223",526,620,"t","z",6,"2-D","P",2011,"6/14/2012",NA
"P7b",2012,"16S","Bravo80",622,732,"b","z",7,"3-B","P",2011,"6/13/2012",NA
"P7t",2012,"16S","Bravo79",622,729,"t","z",7,"3-B","P",2011,"6/13/2012",NA
"P8b",2012,"16S","Foxtrot272",718,842,"b","z",8,"1-A","P",2011,"6/11/2012",NA
"P8t",2012,"16S","Foxtrot271",718,839,"t","z",8,"1-A","P",2011,"6/11/2012",NA
"Q1b",2012,"16S","Charlie130",74,77,"b","z",1,"3-2-C","Q",2009,"6/5/2012",NA
"Q1t",2012,"16S","Charlie129",74,75,"t","z",1,"3-2-C","Q",2009,"6/5/2012",NA
"Q2b",2012,"16S","Golf322",170,187,"b","z",2,"2-1-B","Q",2009,"6/8/2012",NA
"Q2t",2012,"16S","Golf321",170,185,"t","z",2,"2-1-B","Q",2009,"6/8/2012",NA
"Q3b",2012,"16S","Delta178",266,296,"b","z",3,"1-B","Q",2009,"6/19/2012",NA
"Q3t",2012,"16S","Delta177",266,294,"t","z",3,"1-B","Q",2009,"6/19/2012",NA
"Q4b",2012,"16S","Hotel370",362,408,"b","z",4,"3-2-B","Q",2009,"6/21/2012",NA
"Q4t",2012,"16S","Hotel369",362,406,"t","z",4,"3-2-B","Q",2009,"6/21/2012",NA
"Q5b",2012,"16S","Alpha34",458,518,"b","z",5,"2-1-A","Q",2009,"6/18/2012",NA
"Q5t",2012,"16S","Alpha33",458,516,"t","z",5,"2-1-A","Q",2009,"6/18/2012",NA
"Q6b",2012,"16S","Echo226",554,628,"b","z",6,"2-2-H","Q",2009,"6/14/2012",NA
"Q6t",2012,"16S","Echo225",554,626,"t","z",6,"2-2-H","Q",2009,"6/14/2012",NA
"Q7b",2012,"16S","Bravo82",650,737,"b","z",7,"2-2-A","Q",2009,"6/13/2012",NA
"Q7t",2012,"16S","Bravo81",650,735,"t","z",7,"2-2-A","Q",2009,"6/13/2012",NA
"Q8b",2012,"16S","Foxtrot274",746,847,"b","z",8,"2-2-G","Q",2009,"6/12/2012",NA
"Q8t",2012,"16S","Foxtrot273",746,845,"t","z",8,"2-2-G","Q",2009,"6/12/2012",NA
"R1b",2012,"16S","Charlie132",77,80,"b","z",1,"1-1-D","R",2009,"6/5/2012",NA
"R1t",2012,"16S","Charlie131",77,79,"t","z",1,"1-1-D","R",2009,"6/5/2012",NA
"R2b",2012,"16S","Golf324",173,191,"b","z",2,"2-1-D","R",2009,"6/8/2012",NA
"R2t",2012,"16S","Golf323",173,189,"t","z",2,"2-1-D","R",2009,"6/8/2012",NA
"R3b",2012,"16S","Delta180",269,300,"b","z",3,"2-1-B","R",2009,"6/19/2012",NA
"R3t",2012,"16S","Delta179",269,298,"t","z",3,"2-1-B","R",2009,"6/19/2012",NA
"R4b",2012,"16S","Hotel372",365,412,"b","z",4,"2-1-F","R",2009,"6/20/2012",NA
"R4t",2012,"16S","Hotel371",365,410,"t","z",4,"2-1-F","R",2009,"6/20/2012",NA
"R5b",2012,"16S","Alpha36",461,522,"b","z",5,"2-2-C","R",2009,"6/15/2012",NA
"R5t",2012,"16S","Alpha35",461,520,"t","z",5,"2-2-C","R",2009,"6/15/2012",NA
"R6b",2012,"16S","Echo228",557,632,"b","z",6,"2-2-B","R",2009,"6/14/2012",NA
"R6t",2012,"16S","Echo227",557,630,"t","z",6,"2-2-B","R",2009,"6/14/2012",NA
"R7b",2012,"16S","Bravo84",653,741,"b","z",7,"2-1-A","R",2009,"6/13/2012",NA
"R7t",2012,"16S","Bravo83",653,739,"t","z",7,"2-1-A","R",2009,"6/13/2012",NA
"R8b",2012,"16S","Foxtrot276",749,851,"b","z",8,"3-2-C","R",2009,"6/11/2012",NA
"R8t",2012,"16S","Foxtrot275",749,849,"t","z",8,"3-2-C","R",2009,"6/11/2012",NA
"S1b",2012,"16S","Charlie134",80,84,"b","z",1,"1-L","S",2009,"6/6/2012",NA
"S1t",2012,"16S","Charlie133",80,82,"t","z",1,"1-L","S",2009,"6/6/2012",NA
"S2b",2012,"16S","Golf326",176,195,"b","z",2,"1-Y","S",2009,"6/7/2012",NA
"S2t",2012,"16S","Golf325",176,193,"t","z",2,"1-Y","S",2009,"6/7/2012",NA
"S3b",2012,"16S","Delta182",272,304,"b","z",3,"2-G","S",2009,"6/19/2012",NA
"S3t",2012,"16S","Delta181",272,302,"t","z",3,"2-G","S",2009,"6/19/2012",NA
"S4b",2012,"16S","Hotel374",368,415,"b","z",4,"2-D","S",2009,"6/20/2012",NA
"S4t",2012,"16S","Hotel373",368,414,"t","z",4,"2-D","S",2009,"6/20/2012",NA
"S5b",2012,"16S","Alpha38",464,525,"b","z",5,"1-A","S",2009,"6/18/2012",NA
"S5t",2012,"16S","Alpha37",464,524,"t","z",5,"1-A","S",2009,"6/18/2012",NA
"S6b",2012,"16S","Echo230",560,636,"b","z",6,"1-J","S",2009,"6/15/2012",NA
"S6t",2012,"16S","Echo229",560,634,"t","z",6,"1-J","S",2009,"6/15/2012",NA
"S7b",2012,"16S","Bravo86",656,745,"b","z",7,"2-F","S",2009,"6/13/2012",NA
"S7t",2012,"16S","Bravo85",656,743,"t","z",7,"2-F","S",2009,"6/13/2012",NA
"S8b",2012,"16S","Foxtrot278",752,854,"b","z",8,"1-M","S",2009,"6/11/2012",NA
"S8t",2012,"16S","Foxtrot277",752,853,"t","z",8,"1-M","S",2009,"6/11/2012",NA
"T1b",2012,"16S","Charlie136",82,89,"b","z",1,"6-H","T",2011,"6/6/2012",NA
"T1t",2012,"16S","Charlie135",82,86,"t","z",1,"6-H","T",2011,"6/6/2012",NA
"T2b",2012,"16S","Golf328",178,200,"b","z",2,"2-B","T",2011,"6/8/2012",NA
"T2t",2012,"16S","Golf327",178,197,"t","z",2,"2-B","T",2011,"6/8/2012",NA
"T3b",2012,"16S","Delta184",274,309,"b","z",3,"2-I","T",2011,"6/19/2012",NA
"T3t",2012,"16S","Delta183",274,306,"t","z",3,"2-I","T",2011,"6/19/2012",NA
"T4b",2012,"16S","Hotel376",370,420,"b","z",4,"2-D","T",2011,"6/21/2012",NA
"T4t",2012,"16S","Hotel375",370,417,"t","z",4,"2-D","T",2011,"6/21/2012",NA
"T5b",2012,"16S","Alpha40",466,530,"b","z",5,"6-I","T",2011,"6/15/2012",NA
"T5t",2012,"16S","Alpha39",466,527,"t","z",5,"6-I","T",2011,"6/15/2012",NA
"T6b",2012,"16S","Echo232",562,641,"b","z",6,"1-C","T",2011,"6/14/2012",NA
"T6t",2012,"16S","Echo231",562,638,"t","z",6,"1-C","T",2011,"6/14/2012",NA
"T7b",2012,"16S","Bravo88",658,750,"b","z",7,"1-B","T",2011,"6/13/2012",NA
"T7t",2012,"16S","Bravo87",658,747,"t","z",7,"1-B","T",2011,"6/13/2012",NA
"T8b",2012,"16S","Foxtrot280",754,859,"b","z",8,"1-E","T",2011,"6/11/2012",NA
"T8t",2012,"16S","Foxtrot279",754,856,"t","z",8,"1-E","T",2011,"6/11/2012",NA
"U1b",2012,"16S","Charlie138",86,94,"b","z",1,"5-I","U",2009,"6/5/2012",NA
"U1t",2012,"16S","Charlie137",86,92,"t","z",1,"5-I","U",2009,"6/5/2012",NA
"U2b",2012,"16S","Golf330",182,205,"b","z",2,"2-B","U",2009,"6/8/2012",NA
"U2t",2012,"16S","Golf329",182,203,"t","z",2,"2-B","U",2009,"6/8/2012",NA
"U3b",2012,"16S","Delta186",278,314,"b","z",3,"1-E","U",2009,"6/19/2012",NA
"U3t",2012,"16S","Delta185",278,312,"t","z",3,"1-E","U",2009,"6/19/2012",NA
"U4b",2012,"16S","Hotel378",374,425,"b","z",4,"1-F","U",2009,"6/21/2012",NA
"U4t",2012,"16S","Hotel377",374,423,"t","z",4,"1-F","U",2009,"6/21/2012",NA
"U5b",2012,"16S","Alpha42",470,535,"b","z",5,"4-G","U",2009,"6/18/2012",NA
"U5t",2012,"16S","Alpha41",470,533,"t","z",5,"4-G","U",2009,"6/18/2012",NA
"U6b",2012,"16S","Echo234",566,646,"b","z",6,"5-D","U",2009,"6/14/2012",NA
"U6t",2012,"16S","Echo233",566,644,"t","z",6,"5-D","U",2009,"6/14/2012",NA
"U7b",2012,"16S","Bravo90",662,755,"b","z",7,"3-B","U",2009,"6/13/2012",NA
"U7t",2012,"16S","Bravo89",662,753,"t","z",7,"3-B","U",2009,"6/13/2012",NA
"U8b",2012,"16S","Foxtrot282",758,863,"b","z",8,"4-F","U",2009,"6/12/2012",NA
"U8t",2012,"16S","Foxtrot281",758,862,"t","z",8,"4-F","U",2009,"6/12/2012",NA
"V1b",2012,"16S","Charlie140",88,99,"b","z",1,"1-C","V",2011,"6/6/2012",NA
"V1t",2012,"16S","Charlie139",88,96,"t","z",1,"1-C","V",2011,"6/6/2012",NA
"V2b",2012,"16S","Golf332",184,210,"b","z",2,"2-E","V",2011,"6/8/2012",NA
"V2t",2012,"16S","Golf331",184,207,"t","z",2,"2-E","V",2011,"6/8/2012",NA
"V3b",2012,"16S","Delta188",280,319,"b","z",3,"5-K","V",2011,"6/20/2012",NA
"V3t",2012,"16S","Delta187",280,316,"t","z",3,"5-K","V",2011,"6/20/2012",NA
"V4b",2012,"16S","Hotel380",376,430,"b","z",4,"2-D","V",2011,"6/21/2012",NA
"V4t",2012,"16S","Hotel379",376,427,"t","z",4,"2-D","V",2011,"6/21/2012",NA
"V5b",2012,"16S","Alpha44",472,540,"b","z",5,"2-A","V",2011,"6/15/2012",NA
"V5t",2012,"16S","Alpha43",472,537,"t","z",5,"2-A","V",2011,"6/15/2012",NA
"V6b",2012,"16S","Echo236",568,651,"b","z",6,"1-F","V",2011,"6/15/2012",NA
"V6t",2012,"16S","Echo235",568,648,"t","z",6,"1-F","V",2011,"6/15/2012",NA
"V7b",2012,"16S","Bravo92",664,760,"b","z",7,"3-V","V",2011,"6/13/2012",NA
"V7t",2012,"16S","Bravo91",664,757,"t","z",7,"3-V","V",2011,"6/13/2012",NA
"V8b",2012,"16S","Foxtrot284",760,868,"b","z",8,"5-G","V",2011,"6/11/2012",NA
"V8t",2012,"16S","Foxtrot283",760,865,"t","z",8,"5-G","V",2011,"6/11/2012",NA
"W1b",2012,"16S","Charlie142",92,104,"b","z",1,"3-D","W",2009,"6/6/2012",NA
"W1t",2012,"16S","Charlie141",92,102,"t","z",1,"3-D","W",2009,"6/6/2012",NA
"W2b",2012,"16S","Golf334",188,215,"b","z",2,"3-J","W",2009,"6/8/2012",NA
"W2t",2012,"16S","Golf333",188,213,"t","z",2,"3-J","W",2009,"6/8/2012",NA
"W3b",2012,"16S","Delta190",284,324,"b","z",3,"2-C","W",2009,"6/19/2012",NA
"W3t",2012,"16S","Delta189",284,322,"t","z",3,"2-C","W",2009,"6/19/2012",NA
"W4b",2012,"16S","Hotel382",380,435,"b","z",4,"2-E","W",2009,"6/21/2012",NA
"W4t",2012,"16S","Hotel381",380,433,"t","z",4,"2-E","W",2009,"6/21/2012",NA
"W5b",2012,"16S","Alpha46",476,545,"b","z",5,"2-K","W",2009,"6/18/2012",NA
"W5t",2012,"16S","Alpha45",476,543,"t","z",5,"2-K","W",2009,"6/18/2012",NA
"W6b",2012,"16S","Echo238",572,656,"b","z",6,"2-I","W",2009,"6/14/2012",NA
"W6t",2012,"16S","Echo237",572,654,"t","z",6,"2-I","W",2009,"6/14/2012",NA
"W7b",2012,"16S","Bravo94",668,765,"b","z",7,"3-M","W",2009,"6/13/2012",NA
"W7t",2012,"16S","Bravo93",668,763,"t","z",7,"3-M","W",2009,"6/13/2012",NA
"W8b",2012,"16S","Foxtrot286",764,873,"b","z",8,"2-J","W",2009,"6/12/2012",NA
"W8t",2012,"16S","Foxtrot285",764,871,"t","z",8,"2-J","W",2009,"6/12/2012",NA
"X1b",2012,"16S","Charlie144",95,107,"b","z",1,"1-I","X",2009,"6/5/2012",NA
"X1t",2012,"16S","Charlie143",95,106,"t","z",1,"1-I","X",2009,"6/5/2012",NA
"X2b",2012,"16S","Golf336",191,218,"b","z",2,"3-C","X",2009,"6/8/2012",NA
"X2t",2012,"16S","Golf335",191,217,"t","z",2,"3-C","X",2009,"6/8/2012",NA
"X3b",2012,"16S","Delta192",287,328,"b","z",3,"2-2-J","X",2009,"6/19/2012",NA
"X3t",2012,"16S","Delta191",287,326,"t","z",3,"2-2-J","X",2009,"6/19/2012",NA
"X4b",2012,"16S","Hotel384",383,439,"b","z",4,"1-H","X",2009,"6/21/2012",NA
"X4t",2012,"16S","Hotel383",383,437,"t","z",4,"1-H","X",2009,"6/21/2012",NA
"X5b",2012,"16S","Alpha48",479,548,"b","z",5,"3-B","X",2009,"6/18/2012",NA
"X5t",2012,"16S","Alpha47",479,547,"t","z",5,"3-B","X",2009,"6/18/2012",NA
"X6b",2012,"16S","Echo240",575,660,"b","z",6,"1-E","X",2009,"6/15/2012",NA
"X6t",2012,"16S","Echo239",575,658,"t","z",6,"1-E","X",2009,"6/15/2012",NA
"X7b",2012,"16S","Bravo96",671,768,"b","z",7,"2-2-M","X",2009,"6/13/2012",NA
"X7t",2012,"16S","Bravo95",671,767,"t","z",7,"2-2-M","X",2009,"6/13/2012",NA
"X8b",2012,"16S","Foxtrot288",767,876,"b","z",8,"3-D","X",2009,"6/12/2012",NA
"X8t",2012,"16S","Foxtrot287",767,875,"t","z",8,"3-D","X",2009,"6/12/2012",NA
